expectedAmount,index
0.0,0
-50.0,1
9999999999.99,2
0.000001,3
-0.000001,4
123456789.123456,5
-9999999999.99,6
100.0,7
250.5,8
75.25,9
0.01,10
-0.01,11
